rule,kind,trades,avg R / trade,win rate,total R,net ₹ (₹1L pool),t-stat,days,avg trade net,CAGR,Sharpe,max drawdown
"Opening-range breakout, stocks in play (Zarattini 2024)",intraday,1057,-0.05747521290062961,0.1456953642384106,-60.7513000359655,-60751.3000359655,-0.48845686906434815,58,,,,
VWAP trend on NIFTY (Zarattini & Aziz 2023),intraday,472,-0.14081728841653487,0.08898305084745763,-66.46576013260446,-66465.76013260445,-22.958749487463837,58,,,,
First-half-hour momentum on NIFTY (Gao et al. 2018),intraday,58,-0.2025450039299873,0.13793103448275862,-11.747610227939264,-11747.610227939263,-7.778982674553804,58,,,,
Connors RSI(2) mean reversion,daily,6092,,0.6380499015101773,,,,3151,0.0009206986489383656,-0.004609265887871361,0.06366922400503805,-0.5892497495307025
Turtle / Donchian 55-20 breakout,daily,608,,0.4128289473684211,,,,3151,0.03473052358302858,0.12782752683241827,0.752266417833043,-0.34667956686332724
NIFTY 12-month trend (time-series momentum),daily,80,,,,,,3151,,0.036324206991585894,0.35312722623478326,-0.25477486716905506
Weekly short-term reversal (10 biggest 5-day losers),daily,6930,,0.4922077922077922,,,,3151,0.0007175604106907253,-0.027877808393263037,0.020387377690132588,-0.7458551876107081
Benchmark: equal weight of members (no costs),daily,0,,,,,,3151,,0.1652253207575769,0.9538590569208246,-0.4616793167411126
Benchmark: NIFTY 50 buy and hold,daily,0,,,,,,3151,,0.1068036486520223,0.718871448258118,-0.38439852452742085
