day,pool_start,pool_end,gross,costs,net,tax_accrued,trades,signals,skipped,control_net,hit_target
2026-07-21,100000.0,101842.36,2008.95,166.59,1842.36,574.82,5,157,140,405.68,False
2026-07-22,101842.36,102572.91,1059.83,329.28,730.55,227.93,9,180,166,-1970.37,False
2026-07-23,102572.91,102018.19,-313.79,240.93,-554.72,-173.07,5,153,145,747.84,False
2026-07-24,102018.19,100633.05,-1193.64,191.5,-1385.14,-432.16,3,154,148,-1025.07,False
2026-07-27,100633.05,100633.05,0.0,0.0,0.0,0.0,0,139,139,-3028.18,False
2026-07-28,100633.05,100475.8,80.68,237.93,-157.25,-49.06,4,157,150,-1363.88,False
2026-07-29,100475.8,100609.41,189.03,55.42,133.61,41.69,1,181,180,-1810.15,False
2026-07-30,100609.41,100752.7,199.31,56.02,143.29,44.71,1,123,122,-737.12,False
2026-07-31,100752.7,102434.51,1764.35,82.54,1681.81,524.72,1,156,155,-293.88,False
2026-08-03,102434.51,101626.43999999999,-707.83,100.24,-808.07,-252.12,3,177,173,-1970.51,False
2026-08-04,101626.43999999999,98983.26,-2346.2,296.98,-2643.18,-507.45,6,166,158,-1712.36,False
2026-08-05,98983.26,98237.22,-547.16,198.88,-746.04,0.0,5,130,125,-827.18,False
2026-08-06,98237.22,96686.07,-1249.48,301.67,-1551.15,0.0,7,171,164,-253.14,False
2026-08-07,96686.07,97164.77,689.26,210.56,478.7,0.0,5,155,147,-511.86,False
2026-08-10,97164.77,96666.84000000001,-322.17,175.76,-497.93,0.0,3,146,143,-634.26,False
2026-08-11,96666.84000000001,96877.97000000002,292.22,81.09,211.13,0.0,1,133,132,-1028.85,False
2026-08-12,96877.97000000002,96799.96000000002,77.46,155.47,-78.01,0.0,4,135,131,-216.27,False
2026-08-13,96799.96000000002,95782.80000000002,-934.32,82.84,-1017.16,0.0,2,147,145,-632.36,False
2026-08-14,95782.80000000002,96277.15000000002,691.33,196.98,494.35,0.0,4,133,129,-405.67,False
2026-08-17,96277.15000000002,97360.61000000003,1184.42,100.96,1083.46,0.0,2,124,122,1411.16,False
2026-08-18,97360.61000000003,96929.34000000003,-276.39,154.88,-431.27,0.0,4,146,142,1782.04,False
2026-08-19,96929.34000000003,96750.15000000002,-77.06,102.13,-179.19,0.0,2,143,141,-628.41,False
2026-08-20,96750.15000000002,95361.30000000002,-1172.18,216.67,-1388.85,0.0,4,153,149,-271.44,False
2026-08-21,95361.30000000002,95781.25000000001,520.84,100.89,419.95,0.0,3,148,145,-2588.96,False
2026-08-24,95781.25000000001,95072.28000000001,-504.95,204.02,-708.97,0.0,4,155,148,-259.94,False
2026-08-25,95072.28000000001,95072.28000000001,0.0,0.0,0.0,0.0,0,129,129,-1852.13,False
2026-08-26,95072.28000000001,95254.81000000001,283.22,100.69,182.53,0.0,2,163,161,-1640.31,False
2026-08-27,95254.81000000001,94992.14000000001,-109.47,153.2,-262.67,0.0,5,163,158,564.02,False
2026-08-28,94992.14000000001,94708.15000000001,-55.33,228.66,-283.99,0.0,4,147,143,-2098.45,False
2026-08-31,94708.15000000001,92074.24,-2366.79,267.12,-2633.91,0.0,6,145,138,-603.3,False
2026-09-01,92074.24,91034.43000000001,-940.14,99.67,-1039.81,0.0,3,165,162,1077.96,False
2026-09-02,91034.43000000001,91043.66,150.45,141.22,9.23,0.0,4,170,166,1794.55,False
2026-09-03,91043.66,89214.61,-1652.7,176.35,-1829.05,0.0,4,171,167,452.1,False
2026-09-04,89214.61,88936.05,-183.97,94.59,-278.56,0.0,2,129,127,-2462.24,False
2026-09-07,88936.05,88430.1,-455.55,50.4,-505.95,0.0,1,131,130,2374.43,False
2026-09-08,88430.1,88222.47,-164.97,42.66,-207.63,0.0,1,135,134,1881.01,False
2026-09-09,88222.47,88222.47,0.0,0.0,0.0,0.0,0,132,132,-2033.2,False
2026-09-10,88222.47,90010.87,1920.48,132.08,1788.4,0.0,3,144,139,432.9,False
2026-09-11,90010.87,90010.87,0.0,0.0,0.0,0.0,0,106,106,474.28,False
2026-09-15,90010.87,90407.83,492.05,95.09,396.96,0.0,3,112,108,391.36,False
2026-09-16,90407.83,90407.83,0.0,0.0,0.0,0.0,0,147,147,163.43,False
2026-09-17,90407.83,89916.81,-430.21,60.81,-491.02,0.0,2,147,145,-981.94,False
2026-09-18,89916.81,90167.63,495.54,244.72,250.82,0.0,5,182,177,181.94,False
2026-09-21,90167.63,90167.63,0.0,0.0,0.0,0.0,0,124,124,-2515.87,False
2026-09-22,90167.63,88565.84000000001,-1380.85,220.94,-1601.79,0.0,4,167,161,-1698.96,False
2026-09-23,88565.84000000001,88857.49,384.55,92.9,291.65,0.0,3,167,164,129.46,False
2026-09-24,88857.49,89683.72,871.64,45.41,826.23,0.0,1,146,145,-2011.45,False
2026-09-25,89683.72,88852.97,-690.66,140.09,-830.75,0.0,4,157,152,-618.24,False
2026-09-28,88852.97,87866.69,-911.6,74.68,-986.28,0.0,1,147,146,306.01,False
2026-09-29,87866.69,87361.13,-451.87,53.69,-505.56,0.0,1,172,171,-1321.69,False
2026-09-30,87361.13,86870.48000000001,-446.86,43.79,-490.65,0.0,1,142,141,-1522.91,False
2026-10-01,86870.48000000001,86421.67000000001,-323.54,125.27,-448.81,0.0,3,139,132,-1585.84,False
