universe,signal,CAGR,Sharpe,MaxDD,Return/DD,Random CAGR p5,Random CAGR p50,Random CAGR p95,Beats % of random (CAGR),Beats % of random (Return/DD),NIFTY CAGR,NIFTY Return/DD,Period,IC mean,IC t-stat,Spread / mo
today's members (biased),momentum,0.3976623108713826,1.3821603473890822,-0.4268902516713198,0.9315328923874304,0.1694486883910538,0.21090634413089626,0.24342424471271767,1.0,1.0,0.10839940204670939,0.2819974456977311,2014-01 → 2026-10,,,
today's members (biased),equal,0.2474069245269761,1.0398263378282588,-0.362816465604884,0.6819065505048172,,,,,,0.10839940204670939,0.2819974456977311,2014-01 → 2026-10,,,
today's members (biased),ffnn,0.3496623815522353,1.2373832154333244,-0.4101284558922995,0.8525679614000187,0.17051601133674918,0.20176730411040789,0.2442753334182725,1.0,1.0,0.10839940204670939,0.2819974456977311,2014-01 → 2026-10,0.0408654775072474,3.668819354304097,0.01358370516670911
today's members (biased),lstm,0.26059164569131,0.9577829963530324,-0.4462492669178135,0.583959829203044,0.17051601133674918,0.20176730411040789,0.2442753334182725,0.99,0.845,0.10839940204670939,0.2819974456977311,2014-01 → 2026-10,0.030935215172742423,2.9546101486552425,0.004631144122194751
today's members (biased),transformer,0.34433469384131166,1.2728313924204122,-0.4030254893130194,0.8543744824384442,0.17051601133674918,0.20176730411040789,0.2442753334182725,1.0,1.0,0.10839940204670939,0.2819974456977311,2014-01 → 2026-10,0.043081276628208966,3.840911546782911,0.013016159259309011
today's members (biased),logreg,0.26193690678739334,0.9264208806192332,-0.43774436524982074,0.5983787058867244,0.17051601133674918,0.20176730411040789,0.2442753334182725,0.99,0.865,0.10839940204670939,0.2819974456977311,2014-01 → 2026-10,0.012617841301693753,1.22491633844543,0.002923476769712366
point-in-time members,momentum,0.1925074123185253,0.6423995807131752,-0.4292882967156695,0.44843387017845665,0.09259058163815576,0.12951656795125666,0.16232593913390123,0.995,0.99,0.10837474852032902,0.28193331036731933,2014-01 → 2026-10,,,
point-in-time members,equal,0.1665568798540935,0.6293920836594264,-0.4561604397632586,0.36512784830822764,,,,,,0.10837474852032902,0.28193331036731933,2014-01 → 2026-10,,,
point-in-time members,ffnn,0.16280921104082613,0.534970572752834,-0.408848422989749,0.39821411037925963,0.09452634982047028,0.12833356540215335,0.1621427157250103,0.95,0.995,0.10837474852032902,0.28193331036731933,2014-01 → 2026-10,0.04338161105040157,3.7815606992262096,0.007346177877579881
point-in-time members,lstm,0.1681452626779023,0.5856740937482955,-0.4846226667211966,0.34696120141370995,0.09452634982047028,0.12833356540215335,0.1621427157250103,0.97,0.925,0.10837474852032902,0.28193331036731933,2014-01 → 2026-10,0.03563226445523356,3.5686942422363512,0.006024074936791186
point-in-time members,transformer,0.16116152343675072,0.561839815262239,-0.4282610701275118,0.37631607138320083,0.09452634982047028,0.12833356540215335,0.1621427157250103,0.94,0.97,0.10837474852032902,0.28193331036731933,2014-01 → 2026-10,0.04314472801768354,3.744804591207395,0.005848011673797492
point-in-time members,logreg,0.11720937168329448,0.3427218726480513,-0.41764446482156037,0.2806439006281874,0.09452634982047028,0.12833356540215335,0.1621427157250103,0.245,0.68,0.10837474852032902,0.28193331036731933,2014-01 → 2026-10,0.0102736567450046,0.9791527201912882,0.0024421675684587942
