Company Name,Industry,Symbol,Series,ISIN Code
ABB India Ltd.,INDUSTRIAL MANUFACTURING,ABB,EQ,INE117A01022
ACC Ltd.,CEMENT & CEMENT PRODUCTS,ACC,EQ,INE012A01025
Adani Enterprises Ltd.,SERVICES,ADANIENT,EQ,INE423A01024
Adani Ports and Special Economic Zone Ltd.,SERVICES,ADANIPORTS,EQ,INE742F01042
Adani Power Ltd.,ENERGY,ADANIPOWER,EQ,INE814H01011
Aditya Birla Nuvo Ltd.,SERVICES,ABIRLANUVO,EQ,INE069A01017
Allahabad Bank,FINANCIAL SERVICES,ALBK,EQ,INE428A01015
Amara Raja Batteries Ltd.,AUTOMOBILE,AMARAJABAT,EQ,INE885A01032
Ambuja Cements Ltd.,CEMENT & CEMENT PRODUCTS,AMBUJACEM,EQ,INE079A01024
Andhra Bank,FINANCIAL SERVICES,ANDHRABANK,EQ,INE434A01013
Apollo Hospitals Enterprises Ltd.,HEALTHCARE SERVICES,APOLLOHOSP,EQ,INE437A01024
Apollo Tyres Ltd.,AUTOMOBILE,APOLLOTYRE,EQ,INE438A01022
Ashok Leyland Ltd.,AUTOMOBILE,ASHOKLEY,EQ,INE208A01029
Asian Paints Ltd.,CONSUMER GOODS,ASIANPAINT,EQ,INE021A01026
Aurobindo Pharma Ltd.,PHARMA,AUROPHARMA,EQ,INE406A01037
Axis Bank Ltd.,FINANCIAL SERVICES,AXISBANK,EQ,INE238A01026
Bajaj Auto Ltd.,AUTOMOBILE,BAJAJ-AUTO,EQ,INE917I01010
Bajaj Finance Ltd.,FINANCIAL SERVICES,BAJFINANCE,EQ,INE296A01016
Bajaj Finserv Ltd.,FINANCIAL SERVICES,BAJAJFINSV,EQ,INE918I01018
Bajaj Holdings & Investment Ltd.,FINANCIAL SERVICES,BAJAJHLDNG,EQ,INE118A01012
Bank of Baroda,FINANCIAL SERVICES,BANKBARODA,EQ,INE028A01013
Bank of India,FINANCIAL SERVICES,BANKINDIA,EQ,INE084A01016
Bata India Ltd.,CONSUMER GOODS,BATAINDIA,EQ,INE176A01010
Berger Paints India Ltd.,CONSUMER GOODS,BERGEPAINT,EQ,INE463A01020
Bharat Electronics Ltd.,INDUSTRIAL MANUFACTURING,BEL,EQ,INE263A01016
Bharat Forge Ltd.,INDUSTRIAL MANUFACTURING,BHARATFORG,EQ,INE465A01025
Bharat Heavy Electricals Ltd.,INDUSTRIAL MANUFACTURING,BHEL,EQ,INE257A01026
Bharat Petroleum Corporation Ltd.,ENERGY,BPCL,EQ,INE029A01011
Bharti Airtel Ltd.,TELECOM,BHARTIARTL,EQ,INE397D01024
Bharti Infratel Ltd.,TELECOM,INFRATEL,EQ,INE121J01017
Bhushan Steel Ltd.,METALS,BHUSANSTL,EQ,INE824B01021
Biocon Ltd.,PHARMA,BIOCON,EQ,INE376G01013
Bosch Ltd.,AUTOMOBILE,BOSCHLTD,EQ,INE323A01026
Britannia Industries Ltd.,CONSUMER GOODS,BRITANNIA,EQ,INE216A01022
CESC Ltd.,ENERGY,CESC,EQ,INE486A01013
CMC Ltd.,IT,CMC,EQ,INE314A01017
CRISIL Ltd.,FINANCIAL SERVICES,CRISIL,EQ,INE007A01025
Cadila Healthcare Ltd.,PHARMA,CADILAHC,EQ,INE010B01019
Cairn India Ltd.,ENERGY,CAIRN,EQ,INE910H01017
Canara Bank,FINANCIAL SERVICES,CANBK,EQ,INE476A01014
Castrol (India) Ltd.,ENERGY,CASTROL,EQ,INE172A01019
Central Bank of India,FINANCIAL SERVICES,CENTRALBK,EQ,INE483A01010
Century Textile & Industries Ltd.,CEMENT & CEMENT PRODUCTS,CENTURYTEX,EQ,INE055A01016
Chambal Fertilizers & Chemicals Ltd.,FERTILISERS & PESTICIDES,CHAMBLFERT,EQ,INE085A01013
Cipla Ltd.,PHARMA,CIPLA,EQ,INE059A01026
Coal India Ltd.,METALS,COALINDIA,EQ,INE522F01014
Colgate Palmolive (India) Ltd.,CONSUMER GOODS,COLPAL,EQ,INE259A01022
Container Corporation of India Ltd.,SERVICES,CONCOR,EQ,INE111A01017
Coromandel International Ltd.,FERTILISERS & PESTICIDES,COROMANDEL,EQ,INE169A01031
Crompton Greaves Ltd.,INDUSTRIAL MANUFACTURING,CROMPGREAV,EQ,INE067A01029
Cummins India Ltd.,INDUSTRIAL MANUFACTURING,CUMMINSIND,EQ,INE298A01020
DLF Ltd.,CONSTRUCTION,DLF,EQ,INE271C01023
Dabur India Ltd.,CONSUMER GOODS,DABUR,EQ,INE016A01026
Dena Bank,FINANCIAL SERVICES,DENABANK,EQ,INE077A01010
Divi's Laboratories Ltd.,PHARMA,DIVISLAB,EQ,INE361B01024
Dr. Reddy's Laboratories Ltd.,PHARMA,DRREDDY,EQ,INE089A01023
Eicher Motors Ltd.,AUTOMOBILE,EICHERMOT,EQ,INE066A01013
Emami Ltd.,CONSUMER GOODS,EMAMILTD,EQ,INE548C01032
Exide Industries Ltd.,AUTOMOBILE,EXIDEIND,EQ,INE302A01020
Federal Bank Ltd.,FINANCIAL SERVICES,FEDERALBNK,EQ,INE171A01029
Financial Technologies (India) Ltd.,IT,FINANTECH,EQ,INE111B01023
GAIL (India) Ltd.,ENERGY,GAIL,EQ,INE129A01019
GMR Infrastructure Ltd.,CONSTRUCTION,GMRINFRA,EQ,INE776C01039
Gitanjali Gems Ltd.,CONSUMER GOODS,GITANJALI,EQ,INE346H01014
GlaxoSmithkline Consumer Healthcare Ltd.,CONSUMER GOODS,GSKCONS,EQ,INE264A01014
Glaxosmithkline Pharmaceuticals Ltd.,PHARMA,GLAXO,EQ,INE159A01016
Glenmark Pharmaceuticals Ltd.,PHARMA,GLENMARK,EQ,INE935A01035
Godrej Consumer Products Ltd.,CONSUMER GOODS,GODREJCP,EQ,INE102D01028
Godrej Industries Ltd.,CHEMICALS,GODREJIND,EQ,INE233A01035
Grasim Industries Ltd.,CEMENT & CEMENT PRODUCTS,GRASIM,EQ,INE047A01013
Great Eastern Shipping Co. Ltd.,SERVICES,GESHIP,EQ,INE017A01032
Gujarat Fluorochemicals Ltd.,CHEMICALS,GUJFLUORO,EQ,INE538A01037
Gujarat Mineral Development Corporation Ltd.,METALS,GMDCLTD,EQ,INE131A01031
Gujarat State Petronet Ltd.,ENERGY,GSPL,EQ,INE246F01010
HCL Technologies Ltd.,IT,HCLTECH,EQ,INE860A01027
HDFC Bank Ltd.,FINANCIAL SERVICES,HDFCBANK,EQ,INE040A01026
Hathway Cable & Datacom Ltd.,MEDIA & ENTERTAINMENT,HATHWAY,EQ,INE982F01028
Havell's India Ltd.,CONSUMER GOODS,HAVELLS,EQ,INE176B01026
Hero MotoCorp Ltd.,AUTOMOBILE,HEROMOTOCO,EQ,INE158A01026
Hexaware Technologies Ltd.,IT,HEXAWARE,EQ,INE093A01033
Hindalco Industries Ltd.,METALS,HINDALCO,EQ,INE038A01020
Hindustan Petroleum Corporation Ltd.,ENERGY,HINDPETRO,EQ,INE094A01015
Hindustan Unilever Ltd.,CONSUMER GOODS,HINDUNILVR,EQ,INE030A01027
Housing Development Finance Corporation Ltd.,FINANCIAL SERVICES,HDFC,EQ,INE001A01036
Housing Development and Infrastructure Ltd.,CONSTRUCTION,HDIL,EQ,INE191I01012
I T C Ltd.,CONSUMER GOODS,ITC,EQ,INE154A01025
ICICI Bank Ltd.,FINANCIAL SERVICES,ICICIBANK,EQ,INE090A01013
IDBI Bank Ltd.,FINANCIAL SERVICES,IDBI,EQ,INE008A01015
IDFC Ltd.,FINANCIAL SERVICES,IDFC,EQ,INE043D01016
IFCI Ltd.,FINANCIAL SERVICES,IFCI,EQ,INE039A01010
ING Vysya Bank Ltd.,FINANCIAL SERVICES,INGVYSYABK,EQ,INE166A01011
IRB Infrastructure Developers Ltd.,CONSTRUCTION,IRB,EQ,INE821I01014
Idea Cellular Ltd.,TELECOM,IDEA,EQ,INE669E01016
India Cements Ltd.,CEMENT & CEMENT PRODUCTS,INDIACEM,EQ,INE383A01012
Indiabulls Housing Finance Ltd.,FINANCIAL SERVICES,IBULHSGFIN,EQ,INE148I01020
Indiabulls Real Estate Ltd.,CONSTRUCTION,IBREALEST,EQ,INE069I01010
Indian Bank,FINANCIAL SERVICES,INDIANB,EQ,INE562A01011
Indian Hotels Co. Ltd.,SERVICES,INDHOTEL,EQ,INE053A01029
Indian Overseas Bank ,FINANCIAL SERVICES,IOB,EQ,INE565A01014
Indraprastha Gas Ltd.,ENERGY,IGL,EQ,INE203G01019
IndusInd Bank Ltd.,FINANCIAL SERVICES,INDUSINDBK,EQ,INE095A01012
Infosys Ltd.,IT,INFY,EQ,INE009A01021
Ipca Laboratories Ltd.,PHARMA,IPCALAB,EQ,INE571A01020
JSW Energy Ltd.,ENERGY,JSWENERGY,EQ,INE121E01018
JSW Steel Ltd.,METALS,JSWSTEEL,EQ,INE019A01020
Jain Irrigation Systems Ltd.,INDUSTRIAL MANUFACTURING,JISLJALEQS,EQ,INE175A01038
Jaiprakash Associates Ltd.,CONSTRUCTION,JPASSOCIAT,EQ,INE455F01025
Jaiprakash Power Ventures Ltd.,ENERGY,JPPOWER,EQ,INE351F01018
Jammu & Kashmir Bank Ltd.,FINANCIAL SERVICES,J&KBANK,EQ,INE168A01017
Jindal Steel & Power Ltd.,METALS,JINDALSTEL,EQ,INE749A01030
Jubilant Foodworks Ltd.,CONSUMER GOODS,JUBLFOOD,EQ,INE797F01012
Karnataka Bank Ltd.,FINANCIAL SERVICES,KTKBANK,EQ,INE614B01018
Karur Vysya Bank Ltd.,FINANCIAL SERVICES,KARURVYSYA,EQ,INE036D01010
Kotak Mahindra Bank Ltd.,FINANCIAL SERVICES,KOTAKBANK,EQ,INE237A01028
L&T Finance Holdings Ltd.,FINANCIAL SERVICES,L&TFH,EQ,INE498L01015
LIC Housing Finance Ltd.,FINANCIAL SERVICES,LICHSGFIN,EQ,INE115A01026
Larsen & Toubro Ltd.,CONSTRUCTION,LT,EQ,INE018A01030
Lupin Ltd.,PHARMA,LUPIN,EQ,INE326A01037
MMTC Ltd.,SERVICES,MMTC,EQ,INE123F01029
MRF Ltd.,AUTOMOBILE,MRF,EQ,INE883A01011
Mahindra & Mahindra Financial Services Ltd.,FINANCIAL SERVICES,M&MFIN,EQ,INE774D01024
Mahindra & Mahindra Ltd.,AUTOMOBILE,M&M,EQ,INE101A01026
Maruti Suzuki India Ltd.,AUTOMOBILE,MARUTI,EQ,INE585B01010
Max India Ltd.,FINANCIAL SERVICES,MAX,EQ,INE180A01020
McLeod Russel India Ltd.,CONSUMER GOODS,MCLEODRUSS,EQ,INE942G01012
MindTree Ltd.,IT,MINDTREE,EQ,INE018I01017
Motherson Sumi Systems Ltd.,AUTOMOBILE,MOTHERSUMI,EQ,INE775A01035
MphasiS Ltd.,IT,MPHASIS,EQ,INE356A01018
NHPC Ltd.,ENERGY,NHPC,EQ,INE848E01016
NMDC Ltd.,METALS,NMDC,EQ,INE584A01023
NTPC Ltd.,ENERGY,NTPC,EQ,INE733E01010
Oberoi Realty Ltd.,CONSTRUCTION,OBEROIRLTY,EQ,INE093I01010
Oil & Natural Gas Corporation Ltd.,ENERGY,ONGC,EQ,INE213A01029
Oil India Ltd.,ENERGY,OIL,EQ,INE274J01014
Opto Circuits (I) Ltd.,PHARMA,OPTOCIRCUI,EQ,INE808B01016
Oracle Financial Services Software Ltd.,IT,OFSS,EQ,INE881D01027
Oriental Bank of Commerce,FINANCIAL SERVICES,ORIENTBANK,EQ,INE141A01014
Orissa Min Dev Co Ltd.,METALS,ORISSAMINE,EQ,INE725E01024
PTC India Ltd.,ENERGY,PTC,EQ,INE877F01012
Page Industries Ltd.,TEXTILES,PAGEIND,EQ,INE761H01022
Petronet LNG Ltd.,ENERGY,PETRONET,EQ,INE347G01014
Pidilite Industries Ltd.,CHEMICALS,PIDILITIND,EQ,INE318A01026
Pipavav Defence and Offshore Engineering Company Ltd.,INDUSTRIAL MANUFACTURING,PIPAVAVDOC,EQ,INE542F01012
Piramal Enterprises Ltd.,PHARMA,PEL,EQ,INE140A01024
Power Finance Corporation Ltd.,FINANCIAL SERVICES,PFC,EQ,INE134E01011
Power Grid Corporation of India Ltd.,ENERGY,POWERGRID,EQ,INE752E01010
Punj Lloyd Ltd.,CONSTRUCTION,PUNJLLOYD,EQ,INE701B01021
Punjab National Bank,FINANCIAL SERVICES,PNB,EQ,INE160A01014
Rallis India Ltd.,FERTILISERS & PESTICIDES,RALLIS,EQ,INE613A01020
Ranbaxy Laboratories Ltd.,PHARMA,RANBAXY,EQ,INE015A01028
Raymond Ltd.,TEXTILES,RAYMOND,EQ,INE301A01014
Reliance Capital Ltd.,FINANCIAL SERVICES,RELCAPITAL,EQ,INE013A01015
Reliance Communications Ltd.,TELECOM,RCOM,EQ,INE330H01018
Reliance Industries Ltd.,ENERGY,RELIANCE,EQ,INE002A01018
Reliance Infrastructure Ltd.,ENERGY,RELINFRA,EQ,INE036A01016
Reliance Power Ltd.,ENERGY,RPOWER,EQ,INE614G01033
Rural Electrification Corporation Ltd.,FINANCIAL SERVICES,RECLTD,EQ,INE020B01018
Sesa Sterlite Ltd.,METALS,SSLT,EQ,INE205A01025
Shree Cement Ltd.,CEMENT & CEMENT PRODUCTS,SHREECEM,EQ,INE070A01015
Shree Renuka Sugars Ltd.,CONSUMER GOODS,RENUKA,EQ,INE087H01022
Shriram City Union Finance Ltd.,FINANCIAL SERVICES,SHRIRAMCIT,EQ,INE722A01011
Shriram Transport Finance Co. Ltd.,FINANCIAL SERVICES,SRTRANSFIN,EQ,INE721A01013
Siemens Ltd.,INDUSTRIAL MANUFACTURING,SIEMENS,EQ,INE003A01024
Sintex Industries Ltd.,INDUSTRIAL MANUFACTURING,SINTEX,EQ,INE429C01035
Sobha Developers Ltd.,CONSTRUCTION,SOBHA,EQ,INE671H01015
South Indian Bank Ltd.,FINANCIAL SERVICES,SOUTHBANK,EQ,INE683A01023
State Bank of India,FINANCIAL SERVICES,SBIN,EQ,INE062A01012
Steel Authority of India Ltd.,METALS,SAIL,EQ,INE114A01011
Strides Arcolab Ltd.,PHARMA,STAR,EQ,INE939A01011
Sun Pharmaceutical Industries Ltd.,PHARMA,SUNPHARMA,EQ,INE044A01036
Sun TV Network Ltd.,MEDIA & ENTERTAINMENT,SUNTV,EQ,INE424H01027
Suzlon Energy Ltd.,INDUSTRIAL MANUFACTURING,SUZLON,EQ,INE040H01021
Syndicate Bank,FINANCIAL SERVICES,SYNDIBANK,EQ,INE667A01018
TV18 Broadcast Ltd.,MEDIA & ENTERTAINMENT,TV18BRDCST,EQ,INE886H01027
Tata Chemicals Ltd.,CHEMICALS,TATACHEM,EQ,INE092A01019
Tata Communications Ltd.,TELECOM,TATACOMM,EQ,INE151A01013
Tata Consultancy Services Ltd.,IT,TCS,EQ,INE467B01029
Tata Global Beverages Ltd.,CONSUMER GOODS,TATAGLOBAL,EQ,INE192A01025
Tata Motors Ltd.,AUTOMOBILE,TATAMOTORS,EQ,INE155A01022
Tata Power Co. Ltd.,ENERGY,TATAPOWER,EQ,INE245A01021
Tata Steel Ltd.,METALS,TATASTEEL,EQ,INE081A01012
Tech Mahindra Ltd.,IT,TECHM,EQ,INE669C01028
The Ramco Cements Ltd.,CEMENT & CEMENT PRODUCTS,RAMCOCEM,EQ,INE331A01037
Thermax Ltd.,INDUSTRIAL MANUFACTURING,THERMAX,EQ,INE152A01029
Titan Company Ltd.,CONSUMER GOODS,TITAN,EQ,INE280A01028
Torrent Pharmaceuticals Ltd.,PHARMA,TORNTPHARM,EQ,INE685A01028
UCO Bank,FINANCIAL SERVICES,UCOBANK,EQ,INE691A01018
UPL Ltd.,FERTILISERS & PESTICIDES,UPL,EQ,INE628A01036
UltraTech Cement Ltd.,CEMENT & CEMENT PRODUCTS,ULTRACEMCO,EQ,INE481G01011
Union Bank of India,FINANCIAL SERVICES,UNIONBANK,EQ,INE692A01016
Unitech Ltd.,CONSTRUCTION,UNITECH,EQ,INE694A01020
United Breweries Ltd.,CONSUMER GOODS,UBL,EQ,INE686F01025
United Spirits Ltd.,CONSUMER GOODS,MCDOWELL-N,EQ,INE854D01016
Videocon Industries Ltd.,CONSUMER GOODS,VIDEOIND,EQ,INE703A01011
Vijaya Bank,FINANCIAL SERVICES,VIJAYABANK,EQ,INE705A01016
Voltas Ltd.,CONSTRUCTION,VOLTAS,EQ,INE226A01021
Wipro Ltd.,IT,WIPRO,EQ,INE075A01022
Wockhardt Ltd.,PHARMA,WOCKPHARMA,EQ,INE049B01025
Yes Bank Ltd.,FINANCIAL SERVICES,YESBANK,EQ,INE528G01019
Zee Entertainment Enterprises Ltd.,MEDIA & ENTERTAINMENT,ZEEL,EQ,INE256A01028
